ticker,name,sector,sub_industry,currently_active,first_added_date,last_added_date,last_removed_date
A,Agilent Technologies,Health Care,Life Sciences Tools & Services,True,2000-06-05,2000-06-05,
AA,Alcoa,,,False,,,2016-11-01
AAL,American Airlines Group,,,False,2015-03-23,2015-03-23,2024-09-23
AAP,Advance Auto Parts,,,False,2015-07-08,2015-07-08,2023-08-25
AAPL,Apple Inc.,Information Technology,"Technology Hardware, Storage & Peripherals",True,1982-11-30,1982-11-30,
ABBV,AbbVie,Health Care,Biotechnology,True,2012-12-31,2013-01-02,
ABK,Ambac Financial,,,False,2000-12-05,2000-12-05,2008-06-10
ABMD,Abiomed,,,False,2018-05-31,2018-05-31,2022-12-22
ABNB,Airbnb,Consumer Discretionary,"Hotels, Resorts & Cruise Lines",True,2023-09-18,2023-09-18,
ABS,Albertsons,,,False,,,2006-06-02
ABT,Abbott Laboratories,Health Care,Health Care Equipment,True,1957-03-04,1957-03-04,
ACAS,American Capital,,,False,,,2009-03-03
ACE,Chubb,,,False,,,2016-01-19
ACGL,Arch Capital Group,Financials,Property & Casualty Insurance,True,2022-11-01,2022-11-01,
ACN,Accenture,Information Technology,IT Consulting & Other Services,True,2011-07-05,2011-07-06,
ACT,Actavis,,,False,1999-04-12,1999-04-12,
ADBE,Adobe Inc.,Information Technology,Application Software,True,1997-05-05,1997-05-05,
ADCT,ADC Telecommunications,,,False,,,2007-07-02
ADI,Analog Devices,Information Technology,Semiconductors,True,1999-10-12,1999-10-12,
ADM,Archer Daniels Midland,Consumer Staples,Agricultural Products & Services,True,1957-03-04,1957-03-04,
ADP,Automatic Data Processing,Industrials,Human Resource & Employment Services,True,1981-03-31,1981-03-31,
ADS,Alliance Data Systems,,,False,2013-12-23,2013-12-23,2020-06-22
ADSK,Autodesk,Information Technology,Application Software,True,1989-12-01,1989-12-01,
ADT,ADT,,,False,2012-10-01,2012-10-01,2016-05-03
AEE,Ameren,Utilities,Multi-Utilities,True,1991-09-19,1991-09-19,
AEP,American Electric Power,Utilities,Electric Utilities,True,1957-03-04,1957-03-04,
AES,AES Corporation,Utilities,Independent Power Producers & Energy Traders,True,1998-10-02,1998-10-02,
AET,Aetna,,,False,,,2018-12-03
AFL,Aflac,Financials,Life & Health Insurance,True,1999-05-28,1999-05-28,
AGN,Allergan,,,False,,,2020-05-12
AIG,American International Group,Financials,Multi-line Insurance,True,1980-03-31,1980-03-31,
AIV,Aimco,,,False,,,2020-12-21
AIZ,Assurant,Financials,Multi-line Insurance,True,2007-04-10,2007-04-10,
AJG,Arthur J. Gallagher & Co.,Financials,Insurance Brokers,True,2016-05-31,2016-05-31,
AKAM,Akamai Technologies,Information Technology,Internet Services & Infrastructure,True,2007-07-12,2007-07-12,
AKS,AK Steel,,,False,2008-07-01,2008-07-01,2011-12-16
ALB,Albemarle Corporation,Materials,Specialty Chemicals,True,2016-07-01,2016-07-01,
ALGN,Align Technology,Health Care,Health Care Supplies,True,2017-06-19,2017-06-19,
ALK,Alaska Air Group,,,False,2016-05-13,2016-05-13,2023-12-18
ALL,Allstate,Financials,Property & Casualty Insurance,True,1995-07-13,1995-07-13,
ALLE,Allegion,Industrials,Building Products,True,2013-12-02,2013-12-02,
ALLE |,Allegion,,,False,2013-12-02,2013-12-02,
ALTR,Altera,,,False,,,2015-12-29
ALXN,Alexion Pharmaceuticals,,,False,2012-05-21,2012-05-21,2021-07-21
AMAT,Applied Materials,Information Technology,Semiconductor Materials & Equipment,True,1995-03-16,1995-03-16,
AMCR,Amcor,Materials,Paper & Plastic Packaging Products & Materials,True,2019-06-07,2019-06-11,
AMD,Advanced Micro Devices,Information Technology,Semiconductors,True,2017-03-20,2017-03-20,2013-09-20
AME,Ametek,Industrials,Electrical Components & Equipment,True,2013-09-20,2013-09-23,
AMG,Affiliated Managers Group,,,False,2014-07-01,2014-07-01,2019-12-23
AMGN,Amgen,Health Care,Biotechnology,True,1992-01-02,1992-01-02,
AMP,Ameriprise Financial,Financials,Asset Management & Custody Banks,True,2005-10-03,2005-10-03,
AMT,American Tower,Real Estate,Telecom Tower REITs,True,2007-11-19,2007-11-19,
AMTM,Amentum,,,False,2024-09-30,2024-09-30,2024-12-23
AMZN,Amazon,Consumer Discretionary,Broadline Retail,True,2005-11-18,2005-11-18,
AN,AutoNation,,,False,,,2017-08-08
ANDV,Andeavor,,,False,,,2018-10-01
ANET,Arista Networks,Information Technology,Communications Equipment,True,2018-08-28,2018-08-28,
ANF,Abercrombie & Fitch,,,False,,,2013-12-23
ANR,Alpha Natural Resources,,,False,2011-06-01,2011-06-01,2012-10-02
ANSS,Ansys,,,False,2017-06-19,2017-06-19,2025-07-18
AON,Aon plc,Financials,Insurance Brokers,True,1996-04-23,1996-04-23,
AOS,A. O. Smith,Industrials,Building Products,True,2017-07-26,2017-07-26,
APA,APA Corporation,Energy,Oil & Gas Exploration & Production,True,1997-07-28,1997-07-28,
APC,Anadarko Petroleum,,,False,,,2019-08-09
APD,Air Products,Materials,Industrial Gases,True,1985-04-30,1985-04-30,
APH,Amphenol,Information Technology,Electronic Components,True,2008-09-30,2008-09-30,
APO,Apollo Global Management,Financials,Asset Management & Custody Banks,True,2024-12-23,2024-12-23,
APOL,Apollo Education Group,,,False,,,2013-07-01
APP,AppLovin,Communication Services,Advertising,True,2025-09-22,2025-09-22,
APTV,Aptiv,Consumer Discretionary,Automotive Parts & Equipment,True,2012-12-24,2012-12-24,
ARE,Alexandria Real Estate Equities,Real Estate,Office REITs,True,2017-03-20,2017-03-20,
ARES,Ares Management,Financials,Asset Management & Custody Banks,True,2025-12-11,2025-12-11,
ARG,Airgas,,,False,2009-09-28,2009-09-28,2016-05-23
ARNC,Arconic,,,False,2016-11-01,2016-11-01,2020-04-01
ATI,Allegheny Technologies,,,False,,,2015-07-02
ATO,Atmos Energy,Utilities,Gas Utilities,True,2019-02-15,2019-02-15,
ATVI,Activision Blizzard,,,False,2015-08-28,2015-08-28,2023-10-18
AV,Avaya,,,False,,,2007-10-26
AVB,AvalonBay Communities,,,False,2007-01-10,2007-01-10,2026-08-18
AVGO,Broadcom,Information Technology,Semiconductors,True,2014-05-08,2014-05-08,
AVP,Avon Products,,,False,,,2015-03-23
AVY,Avery Dennison,Materials,Paper & Plastic Packaging Products & Materials,True,1987-12-31,1987-12-31,
AWK,American Water Works,Utilities,Water Utilities,True,2016-03-04,2016-03-04,
AXON,Axon Enterprise,Industrials,Aerospace & Defense,True,2023-05-04,2023-05-04,
AXP,American Express,Financials,Consumer Finance,True,1976-06-30,1976-06-30,
AYE,Allegheny Energy,,,False,2000-12-05,2000-12-05,2011-02-25
AYI,Acuity Brands,,,False,2016-05-03,2016-05-03,2018-06-18
AZO,AutoZone,Consumer Discretionary,Automotive Retail,True,1997-01-02,1997-01-02,
BA,Boeing,Industrials,Aerospace & Defense,True,1957-03-04,1957-03-04,
BAC,Bank of America,Financials,Diversified Banks,True,1976-06-30,1976-06-30,
BALL,Ball Corporation,Materials,"Metal, Glass & Plastic Containers",True,1984-10-31,1984-10-31,
BAX,Baxter International,Health Care,Health Care Equipment,True,1972-09-30,1972-09-30,
BBBY,Bed Bath & Beyond,,,False,,,2017-07-26
BBWI,"Bath & Body Works, Inc.",,,False,,,2024-10-01
BBY,Best Buy,Consumer Discretionary,Computer & Electronics Retail,True,1999-06-29,1999-06-29,
BC,Brunswick,,,False,,,2008-06-23
BCR,CR Bard,,,False,,,2018-01-03
BDX,Becton Dickinson,Health Care,Health Care Equipment,True,1972-09-30,1972-09-30,
BE,Bloom Energy,Industrials,Electrical Components & Equipment,True,2026-09-21,2026-09-21,
BEAM,Suntory Global Spirits,,,False,,,2014-05-01
BEN,Franklin Resources,Financials,Asset Management & Custody Banks,True,1998-04-30,1998-04-30,
BF-B,Brown–Forman,Consumer Staples,Distillers & Vintners,True,1982-10-31,1982-10-31,
BG,Bunge Global,Consumer Staples,Agricultural Products & Services,True,2023-03-15,2023-03-15,
BHF,Brighthouse Financial,,,False,2017-08-08,2017-08-08,2019-04-02
BHI,Baker Hughes,,,False,,,2017-07-07
BIG,Big Lots,,,False,,,2013-02-15
BIIB,Biogen,Health Care,Biotechnology,True,2003-11-13,2003-11-13,
BIO,Bio-Rad Laboratories,,,False,2020-06-22,2020-06-22,2024-09-23
BJS,BJ Services,,,False,,,2010-04-29
BKNG,Booking Holdings,Consumer Discretionary,"Hotels, Resorts & Cruise Lines",True,2009-11-06,2009-11-06,
BKR,Baker Hughes,Energy,Oil & Gas Equipment & Services,True,2017-07-07,2017-07-07,
BLDR,Builders FirstSource,,,False,2023-12-18,2023-12-18,2026-09-21
BLK,BlackRock,Financials,Asset Management & Custody Banks,True,2011-04-01,2011-04-04,
BMC,BMC Software,,,False,,,2013-09-10
BMS,Bemis,,,False,2019-06-07,2019-06-07,2019-06-11
BMY,Bristol Myers Squibb,Health Care,Pharmaceuticals,True,1957-03-04,1957-03-04,
BNY,BNY Mellon,Financials,Asset Management & Custody Banks,True,1995-03-31,1995-03-31,
BR,Broadridge Financial Solutions,Industrials,Data Processing & Outsourced Services,True,2018-06-18,2018-06-18,
BRCM,Broadcom Corporation,,,False,,,2016-02-01
BRK-B,Berkshire Hathaway,Financials,Multi-Sector Holdings,True,2010-02-16,2010-02-16,
BRO,Brown & Brown,Financials,Insurance Brokers,True,2021-09-20,2021-09-20,
BS,Bethlehem Steel,,,False,,,2000-12-05
BSX,Boston Scientific,Health Care,Health Care Equipment,True,1995-02-24,1995-02-24,
BTU,Peabody Energy,,,False,,,2014-09-20
BUD,Anheuser Busch,,,False,1976-07-01,1976-07-01,
BWA,BorgWarner,,,False,2011-12-16,2011-12-16,2025-03-24
BX,Blackstone Inc.,Financials,Asset Management & Custody Banks,True,2023-09-18,2023-09-18,
BXLT,Baxalta,,,False,2015-07-01,2015-07-01,2016-06-03
BXP,"BXP, Inc.",Real Estate,Office REITs,True,2006-04-03,2006-04-03,
C,Citigroup,Financials,Diversified Banks,True,1988-05-31,1988-05-31,
CA,CA Technologies,,,False,,,2018-11-06
CAG,Conagra Brands,,,False,,,2026-06-30
CAH,Cardinal Health,Health Care,Health Care Distributors,True,1997-05-27,1997-05-27,
CAM,Cameron International,,,False,,,2016-04-04
CARR,Carrier Global,Industrials,Building Products,True,2020-04-03,2020-04-03,
CASY,Casey's,Consumer Staples,Food Retail,True,2026-04-09,2026-04-09,
CAT,Caterpillar Inc.,Industrials,Construction Machinery & Heavy Transportation Equipment,True,1957-03-04,1957-03-04,
CB,Chubb Limited,Financials,Property & Casualty Insurance,True,2010-07-14,2010-07-15,
CBE,Cooper Industries,,,False,2011-11-18,2011-11-18,2012-12-03
CBOE,Cboe Global Markets,Financials,Financial Exchanges & Data,True,2017-03-01,2017-03-01,
CBRE,CBRE Group,Real Estate,Real Estate Services,True,2006-11-10,2006-11-10,
CCE,Coca-Cola Enterprises,,,False,,,2016-05-31
CCI,Crown Castle,Real Estate,Telecom Tower REITs,True,2012-03-13,2012-03-14,
CCK,Crown Holdings,,,False,,,2000-12-05
CCL,Carnival Corporation,Consumer Discretionary,"Hotels, Resorts & Cruise Lines",True,1998-12-11,1998-12-22,
CCR,Countrywide Credit Industries,,,False,1997-06-17,1997-06-17,
CDAY,Ceridian,,,False,2021-09-20,2021-09-20,2024-02-01
CDNS,Cadence Design Systems,Information Technology,Application Software,True,2017-09-18,2017-09-18,
CDW,CDW Corporation,Information Technology,Technology Distributors,True,2019-09-23,2019-09-23,
CE,Celanese,,,False,2018-12-24,2018-12-24,2025-03-24
CEG,Constellation Energy,Utilities,Electric Utilities,True,2022-02-02,2022-02-02,2012-03-13
CELG,Celgene,,,False,,,2019-11-21
CEPH,Cephalon,,,False,,,2011-10-14
CERN,Cerner,,,False,2010-04-29,2010-04-29,2022-06-08
CF,CF Industries,Materials,Fertilizers & Agricultural Chemicals,True,2008-08-27,2008-08-27,
CFC,Countrywide Financial Corp,,,False,,,2008-07-01
CFG,Citizens Financial Group,Financials,Regional Banks,True,2016-01-29,2016-02-01,
CFN,Carefusion,,,False,,,2015-03-18
CHD,Church & Dwight,Consumer Staples,Household Products,True,2015-12-29,2015-12-29,
CHK,Chesapeake Energy,,,False,,,2018-03-19
CHRW,C.H. Robinson,Industrials,Air Freight & Logistics,True,2007-03-02,2007-03-02,
CHTR,Charter Communications,Communication Services,Cable & Satellite,True,2016-09-08,2016-09-08,
CI,Cigna,Health Care,Health Care Services,True,1976-06-30,1976-06-30,
CIEN,Ciena,Information Technology,Communications Equipment,True,2026-02-09,2026-02-09,2009-12-18
CINF,Cincinnati Financial,Financials,Property & Casualty Insurance,True,1997-12-18,1997-12-18,
CL,Colgate-Palmolive,Consumer Staples,Household Products,True,1957-03-04,1957-03-04,
CLF,Cliffs Natural Resources,,,False,2009-12-18,2009-12-18,2014-04-02
CLX,Clorox,Consumer Staples,Household Products,True,1969-03-31,1969-03-31,
CMA,Comerica,,,False,,,2024-06-24
CMCSA,Comcast,Communication Services,Cable & Satellite,True,2002-11-19,2002-11-19,
CMCSK,Comcast Series K,,,False,2015-09-18,2015-09-18,2015-12-15
CME,CME Group,Financials,Financial Exchanges & Data,True,2006-08-11,2006-08-11,
CMG,Chipotle Mexican Grill,Consumer Discretionary,Restaurants,True,2011-04-27,2011-04-28,
CMI,Cummins,Industrials,Construction Machinery & Heavy Transportation Equipment,True,1965-03-31,1965-03-31,
CMS,CMS Energy,Utilities,Multi-Utilities,True,1957-03-04,1957-03-04,
CNC,Centene Corporation,Health Care,Managed Health Care,True,2016-03-30,2016-03-30,
CNP,CenterPoint Energy,Utilities,Multi-Utilities,True,1985-07-31,1985-07-31,
CNX,Consol Energy,,,False,,,2016-03-04
COF,Capital One,Financials,Consumer Finance,True,1998-07-01,1998-07-01,
COG,Cabot Oil & Gas,,,False,2008-06-23,2008-06-23,
COHR,Coherent Corp.,Information Technology,Electronic Components,True,2026-03-23,2026-03-23,
COIN,Coinbase,Financials,Financial Exchanges & Data,True,2025-05-19,2025-05-19,
COL,Rockwell Collins,,,False,,,2018-12-03
COO,Cooper Companies (The),Health Care,Health Care Supplies,True,2016-09-22,2016-09-23,
COP,ConocoPhillips,Energy,Oil & Gas Exploration & Production,True,1957-03-04,1957-03-04,
COR,Cencora,Health Care,Health Care Distributors,True,2001-08-30,2001-08-30,
COST,Costco,Consumer Staples,Consumer Staples Merchandise Retail,True,1993-10-01,1993-10-01,
COTY,Coty,,,False,2016-09-30,2016-09-30,2020-09-21
COV,Covidien,,,False,2011-02-28,2011-02-28,2015-01-27
CPAY,Corpay,Financials,Transaction & Payment Processing Services,True,2018-06-20,2018-06-20,
CPB,Campbell's,,,False,,,2026-06-22
CPGX,Columbia Pipeline Group,,,False,2015-07-02,2015-07-02,2016-07-05
CPRI,Capri Holdings,,,False,,,2020-05-12
CPRT,Copart,Industrials,Diversified Support Services,True,2018-07-02,2018-07-02,
CPT,Camden Property Trust,Real Estate,Multi-Family Residential REITs,True,2022-04-04,2022-04-04,
CPWR,Compuware,,,False,1998-12-11,1998-12-11,2011-12-31
CRH,CRH plc,Materials,Construction Materials,True,2025-12-22,2025-12-22,
CRL,Charles River Laboratories,Health Care,Life Sciences Tools & Services,True,2021-05-14,2021-05-14,
CRM,Salesforce,Information Technology,Application Software,True,2008-09-12,2008-09-15,
CRWD,CrowdStrike,Information Technology,Systems Software,True,2024-06-24,2024-06-24,
CSC,Computer Sciences Corporation,,,False,,,2015-12-01
CSCO,Cisco,Information Technology,Communications Equipment,True,1993-12-01,1993-12-01,
CSGP,CoStar Group,Real Estate,Real Estate Services,True,2022-09-19,2022-09-19,
CSRA,CSRA,,,False,2015-12-01,2015-12-01,2018-04-04
CSX,CSX Corporation,Industrials,Rail Transportation,True,1957-03-04,1957-03-04,
CTAS,Cintas,Industrials,Diversified Support Services,True,2001-03-01,2001-03-01,
CTLT,Catalent,,,False,2020-09-21,2020-09-21,2024-12-23
CTRA,Coterra Energy,,,False,,,2026-05-07
CTSH,Cognizant,Information Technology,IT Consulting & Other Services,True,2006-11-17,2006-11-17,
CTVA,Corteva,Materials,Fertilizers & Agricultural Chemicals,True,2019-06-03,2019-06-03,
CTX,Centex Corp.,,,False,,,2009-08-19
CTXS,Citrix Systems,,,False,,,2022-10-03
CVC,Cablevision Systems,,,False,2010-12-17,2010-12-17,2016-06-22
CVG,Convergys,,,False,2000-06-12,2000-06-12,2009-12-18
CVH,Coventry Health Care,,,False,,,2013-05-08
CVNA,Carvana,Consumer Discretionary,Automotive Retail,True,2025-12-22,2025-12-22,
CVS,CVS Health,Health Care,Health Care Services,True,1957-03-04,1957-03-04,
CVX,Chevron Corporation,Energy,Integrated Oil & Gas,True,1957-03-04,1957-03-04,
CXO,Concho Resources,,,False,2016-02-22,2016-02-22,2021-01-21
CZR,Caesars Entertainment,,,False,2021-03-22,2021-03-22,2025-09-22
D,Dominion Energy,Utilities,Multi-Utilities,True,2016-11-30,2016-11-30,
DAL,Delta Air Lines,Industrials,Passenger Airlines,True,2013-09-10,2013-09-11,
DASH,DoorDash,Consumer Discretionary,Specialized Consumer Services,True,2025-03-24,2025-03-24,
DAY,Dayforce,,,False,2024-02-01,2024-02-01,2026-02-09
DD,DuPont,Industrials,Industrial Conglomerates,True,2019-06-03,2019-06-03,2017-09-01
DDOG,Datadog,Information Technology,Application Software,True,2025-07-09,2025-07-09,
DE,Deere & Company,Industrials,Agricultural & Farm Machinery,True,1957-03-04,1957-03-04,
DECK,Deckers Brands,Consumer Discretionary,Footwear,True,2024-03-18,2024-03-18,
DELL,Dell Technologies,Information Technology,"Technology Hardware, Storage & Peripherals",True,2024-09-23,2024-09-23,2013-10-29
DF,Dean Foods,,,False,,,2013-05-23
DFS,Discover Financial,,,False,2007-07-02,2007-07-02,2025-05-19
DG,Dollar General,Consumer Staples,Consumer Staples Merchandise Retail,True,2012-12-03,2012-12-03,
DGX,Quest Diagnostics,Health Care,Health Care Services,True,2002-12-12,2002-12-12,
DHI,D. R. Horton,Consumer Discretionary,Homebuilding,True,2005-06-22,2005-06-22,
DHR,Danaher Corporation,Health Care,Life Sciences Tools & Services,True,1998-11-18,1998-11-18,
DIS,Walt Disney Company (The),Communication Services,Movies & Entertainment,True,1976-06-30,1976-07-01,
DISCA,"Discovery, Inc.",,,False,,,2022-04-11
DISCK,"Discovery, Inc.",,,False,2014-08-06,2014-08-06,2022-04-11
DISH,Dish Network,,,False,2017-03-13,2017-03-13,2023-06-20
DJ,Dow Jones,,,False,,,2007-12-13
DLPH,Delphi Automotive,,,False,2012-12-21,2012-12-21,
DLR,Digital Realty,Real Estate,Data Center REITs,True,2016-05-18,2016-05-18,
DLTR,Dollar Tree,Consumer Staples,Consumer Staples Merchandise Retail,True,2011-12-16,2011-12-19,
DNB,Dun & Bradstreet,,,False,,,2017-04-05
DNR,Denbury Resources,,,False,,,2015-03-23
DO,Diamond Offshore Drilling,,,False,,,2016-09-30
DOC,Healthpeak Properties,Real Estate,Health Care REITs,True,2008-03-31,2008-03-31,
DOV,Dover Corporation,Industrials,Industrial Machinery & Supplies & Components,True,1985-10-31,1985-10-31,
DOW,Dow Inc.,Materials,Commodity Chemicals,True,2019-04-01,2019-04-02,2017-09-01
DPS,Dr Pepper Snapple Group,,,False,,,2018-07-02
DPZ,Domino's,Consumer Discretionary,Restaurants,True,2020-05-12,2020-05-12,
DRE,Duke Realty,,,False,2017-07-26,2017-07-26,2022-10-03
DRI,Darden Restaurants,Consumer Discretionary,Restaurants,True,1995-05-31,1995-05-31,
DTE,DTE Energy,Utilities,Multi-Utilities,True,1957-03-04,1957-03-04,
DTV,DirecTV,,,False,,,2015-07-29
DUK,Duke Energy,Utilities,Electric Utilities,True,1976-06-30,1976-06-30,
DV,DeVry,,,False,,,2012-10-01
DVA,DaVita,Health Care,Health Care Services,True,2008-07-31,2008-07-31,
DVN,Devon Energy,Energy,Oil & Gas Exploration & Production,True,2000-08-30,2000-08-30,
DWDP,DuPont,,,False,2017-09-01,2017-09-01,2019-06-03
DXC,DXC Technology,,,False,2017-04-04,2017-04-04,2023-10-03
DXCM,Dexcom,Health Care,Health Care Equipment,True,2020-05-12,2020-05-12,
DYN,Dynegy,,,False,,,2009-12-18
EA,Electronic Arts,,,False,,,2026-08-05
EBAY,eBay Inc.,Consumer Discretionary,Broadline Retail,True,2002-07-22,2002-07-22,
ECHO,EchoStar,Communication Services,Wireless Telecommunication Services,True,2026-03-23,2026-03-23,
ECL,Ecolab,Materials,Specialty Chemicals,True,1989-01-31,1989-01-31,
ED,Consolidated Edison,Utilities,Multi-Utilities,True,1957-03-04,1957-03-04,
EFX,Equifax,Industrials,Research & Consulting Services,True,1997-06-19,1997-06-19,
EG,Everest Group,Financials,Reinsurance,True,2017-06-19,2017-06-19,
EIX,Edison International,Utilities,Electric Utilities,True,1957-03-04,1957-03-04,
EK,Eastman Kodak,,,False,,,2010-12-17
EL,Estée Lauder Companies (The),Consumer Staples,Personal Care Products,True,2006-01-05,2006-01-05,
ELV,Elevance Health,Health Care,Managed Health Care,True,2002-07-25,2002-07-25,
EMC,EMC Corporation,,,False,,,2016-09-08
EME,Emcor,Industrials,Construction & Engineering,True,2025-09-22,2025-09-22,
EMN,Eastman Chemical Co.,,,False,,,2025-11-04
EMR,Emerson Electric,Industrials,Electrical Components & Equipment,True,1965-03-31,1965-03-31,
ENDP,Endo International,,,False,2015-01-27,2015-01-27,2017-03-02
ENPH,Enphase Energy,,,False,2021-01-07,2021-01-07,2025-09-22
EOG,EOG Resources,Energy,Oil & Gas Exploration & Production,True,2000-11-02,2000-11-02,
EP,El Paso Corporation,,,False,,,2012-05-17
EPAM,EPAM Systems,,,False,2021-12-14,2021-12-14,2026-06-02
EQIX,Equinix,Real Estate,Data Center REITs,True,2015-03-20,2015-03-23,
EQT,EQT Corporation,Energy,Oil & Gas Exploration & Production,True,2022-10-03,2022-10-03,2018-11-13
ERIE,Erie Indemnity,Financials,Insurance Brokers,True,2024-09-23,2024-09-23,
ES,Eversource Energy,Utilities,Electric Utilities,True,2009-07-24,2009-07-24,
ESRX,Express Scripts,,,False,2003-09-25,2003-09-25,2018-12-24
ESS,Essex Property Trust,Real Estate,Multi-Family Residential REITs,True,2014-04-02,2014-04-02,
ESV,Ensco,,,False,2012-07-31,2012-07-31,2016-03-30
ETFC,E-Trade,,,False,,,2020-10-07
ETN,Eaton Corporation,Industrials,Electrical Components & Equipment,True,1957-03-04,1957-03-04,
ETR,Entergy,Utilities,Electric Utilities,True,1957-03-04,1957-03-04,
ETSY,Etsy,,,False,2020-09-21,2020-09-21,2024-09-23
EVHC,Envision Healthcare,,,False,2016-12-02,2016-12-02,2018-10-11
EVRG,Evergy,Utilities,Electric Utilities,True,2018-06-05,2018-06-05,
EW,Edwards Lifesciences,Health Care,Health Care Equipment,True,2011-03-31,2011-04-01,
EXC,Exelon,Utilities,Electric Utilities,True,1957-03-04,1957-03-04,
EXE,Expand Energy,Energy,Oil & Gas Exploration & Production,True,2025-03-24,2025-03-24,
EXPD,Expeditors International,Industrials,Air Freight & Logistics,True,2007-10-10,2007-10-10,
EXPE,Expedia Group,Consumer Discretionary,"Hotels, Resorts & Cruise Lines",True,2007-10-02,2007-10-02,
EXR,Extra Space Storage,Real Estate,Self-Storage REITs,True,2016-01-19,2016-01-19,
F,Ford Motor Company,Consumer Discretionary,Automobile Manufacturers,True,1957-03-04,1957-03-04,
FANG,Diamondback Energy,Energy,Oil & Gas Exploration & Production,True,2018-12-03,2018-12-03,
FAST,Fastenal,Industrials,Trading Companies & Distributors,True,2008-09-12,2008-09-15,
FB,Facebook,,,False,2013-12-23,2013-12-23,
FBHS,Fortune Brands Home & Security,,,False,2016-06-22,2016-06-22,2022-12-19
FCX,Freeport-McMoRan,Materials,Copper,True,2011-07-01,2011-07-01,
FDC,First Data,,,False,,,2007-09-26
FDO,Family Dollar,,,False,,,2015-07-08
FDS,FactSet,Financials,Financial Exchanges & Data,True,2021-12-20,2021-12-20,
FDX,FedEx,Industrials,Air Freight & Logistics,True,1980-12-31,1980-12-31,
FDXF,FedEx Freight,Industrials,Cargo Ground Transportation,True,2026-06-01,2026-06-01,
FE,FirstEnergy,Utilities,Electric Utilities,True,1997-11-28,1997-11-28,
FERG,Ferguson Enterprises,Industrials,Trading Companies & Distributors,True,2026-08-05,2026-08-05,
FFIV,"F5, Inc.",Information Technology,Communications Equipment,True,2010-12-17,2010-12-20,
FHN,First Horizon,,,False,,,2013-06-21
FICO,Fair Isaac,Information Technology,Application Software,True,2023-03-20,2023-03-20,
FII,Federated Investors,,,False,,,2013-01-02
FIS,Fidelity National Information Services,Financials,Transaction & Payment Processing Services,True,2006-11-10,2006-11-10,
FISV,Fiserv,Financials,Transaction & Payment Processing Services,True,2001-04-02,2001-04-02,
FITB,Fifth Third Bancorp,Financials,Regional Banks,True,1996-03-29,1996-03-29,
FIX,Comfort Systems USA,Industrials,Construction & Engineering,True,2025-12-22,2025-12-22,
FL,Foot Locker,,,False,2016-04-04,2016-04-04,2019-08-09
FLEX,Flex Ltd.,Information Technology,Electronic Manufacturing Services,True,2026-06-22,2026-06-22,
FLIR,FLIR Systems,,,False,,,2021-05-14
FLR,Fluor Corporation,,,False,,,2019-06-03
FLS,Flowserve,,,False,,,2021-03-22
FLT,FleetCor Technologies,,,False,2018-06-20,2018-06-20,
FMC,FMC Corporation,,,False,2009-08-19,2009-08-19,2025-03-24
FNM,Fannie Mae,,,False,,,2008-09-12
FOSL,Fossil Group,,,False,2012-04-03,2012-04-03,2016-01-05
FOX,Fox Corporation (Class B),Communication Services,Broadcasting,True,2015-09-18,2019-03-19,2019-03-19
FOXA,Fox Corporation (Class A),Communication Services,Broadcasting,True,2019-03-19,2019-03-19,2019-03-19
FRC,First Republic Bank,,,False,2019-01-02,2019-01-02,2023-05-04
FRE,Freddie Mac,,,False,,,2008-09-12
FRT,Federal Realty Investment Trust,Real Estate,Retail REITs,True,2016-02-01,2016-02-01,
FRX,Forest Laboratories,,,False,,,2014-07-01
FSLR,First Solar,Information Technology,Semiconductors,True,2022-12-19,2022-12-19,2017-03-20
FSR,Firstar,,,False,1998-12-11,1998-12-11,
FTI,TechnipFMC,,,False,2009-06-05,2009-06-05,2021-02-12
FTNT,Fortinet,Information Technology,Systems Software,True,2018-10-11,2018-10-11,
FTR,Frontier Communications,,,False,,,2017-03-20
FTV,Fortive,Industrials,Industrial Machinery & Supplies & Components,True,2016-07-01,2016-07-05,
GAS,AGL Resources,,,False,2011-12-12,2011-12-12,2016-07-01
GD,General Dynamics,Industrials,Aerospace & Defense,True,1957-03-04,1957-03-04,
GDDY,GoDaddy,Information Technology,Internet Services & Infrastructure,True,2024-06-24,2024-06-24,
GE,GE Aerospace,Industrials,Aerospace & Defense,True,1957-03-04,1957-03-04,
GEHC,GE HealthCare,Health Care,Health Care Equipment,True,2023-01-04,2023-01-04,
GEN,Gen Digital,Information Technology,Systems Software,True,2003-03-25,2003-03-25,
GENZ,Genzyme,,,False,,,2011-04-01
GEV,GE Vernova,Industrials,Heavy Electrical Equipment,True,2024-04-02,2024-04-02,
GGP,GGP Inc.,,,False,2013-12-10,2013-12-10,2018-08-28
GHC,Graham Holdings,,,False,,,2014-09-20
GILD,Gilead Sciences,Health Care,Biotechnology,True,2004-07-01,2004-07-01,
GIS,General Mills,Consumer Staples,Packaged Foods & Meats,True,1957-03-04,1957-03-04,
GL,Globe Life,Financials,Life & Health Insurance,True,1989-04-30,1989-04-30,
GLK,Great Lakes Chemical,,,False,,,2005-07-01
GLW,Corning Inc.,Information Technology,Electronic Components,True,1995-02-27,1995-02-27,
GM,General Motors,Consumer Discretionary,Automobile Manufacturers,True,2013-06-06,2013-06-06,
GMCR,Keurig Green Mountain,,,False,2014-03-21,2014-03-21,2016-03-07
GME,GameStop,,,False,2007-12-13,2007-12-13,2016-04-25
GNRC,Generac,Industrials,Heavy Electrical Equipment,True,2021-03-22,2021-03-22,
GNW,Genworth Financial,,,False,,,2015-11-18
GOOG,Alphabet Inc. (Class C),Communication Services,Interactive Media & Services,True,2014-04-03,2014-04-03,
GOOGL,Alphabet Inc. (Class A),Communication Services,Interactive Media & Services,True,2006-04-03,2014-04-03,
GPC,Genuine Parts Company,Consumer Discretionary,Distributors,True,1973-12-31,1973-12-31,
GPN,Global Payments,Financials,Transaction & Payment Processing Services,True,2016-04-25,2016-04-25,
GPS,Gap,,,False,,,2022-02-03
GR,Goodrich Corporation,,,False,,,2012-07-31
GRA,WR Grace,,,False,,,2000-12-05
GRMN,Garmin,Consumer Discretionary,Consumer Electronics,True,2012-12-11,2012-12-12,
GRN,General Re,,,False,,,1998-12-11
GS,Goldman Sachs,Financials,Investment Banking & Brokerage,True,2002-07-22,2002-07-22,
GT,The Goodyear Tire & Rubber Company,,,False,,,2019-02-27
GWW,W. W. Grainger,Industrials,Industrial Machinery & Supplies & Components,True,1981-06-30,1981-06-30,
HAL,Halliburton,Energy,Oil & Gas Equipment & Services,True,1957-03-04,1957-03-04,
HAR,Harman International,,,False,,,2017-03-16
HAS,Hasbro,Consumer Discretionary,Leisure Products,True,1984-09-30,1984-09-30,
HBAN,Huntington Bancshares,Financials,Regional Banks,True,1997-08-28,1997-08-28,
HBI,Hanesbrands,,,False,2015-03-23,2015-03-23,2021-12-20
HCA,HCA Healthcare,Health Care,Health Care Facilities,True,2015-01-27,2015-01-27,
HCBK,Hudson City Bancorp,,,False,,,2015-11-02
HD,Home Depot (The),Consumer Discretionary,Home Improvement Retail,True,1988-03-31,1988-03-31,
HES,Hess Corporation,,,False,,,2025-07-23
HFC,HollyFrontier,,,False,2018-06-18,2018-06-18,2021-06-04
HIG,Hartford (The),Financials,Property & Casualty Insurance,True,1957-03-04,1957-03-04,
HII,Huntington Ingalls Industries,Industrials,Aerospace & Defense,True,2018-01-03,2018-01-03,
HLT,Hilton Worldwide,Consumer Discretionary,"Hotels, Resorts & Cruise Lines",True,2017-06-19,2017-06-19,
HNG,Houston Natural Gas,,,False,,,1976-07-01
HNZ,Heinz,,,False,,,2013-06-06
HOG,Harley-Davidson,,,False,,,2020-06-22
HOLX,Hologic,,,False,2016-03-30,2016-03-30,2026-04-09
HON,Honeywell Technologies,Industrials,Industrial Conglomerates,True,1957-03-04,1957-03-04,
HONA,Honeywell Aerospace,Industrials,Aerospace & Defense,True,2026-06-29,2026-06-29,
HOOD,Robinhood Markets,Financials,Investment Banking & Brokerage,True,2025-09-22,2025-09-22,
HOT,Starwood Hotels and Resorts,,,False,,,2016-09-22
HP,Helmerich & Payne,,,False,2010-02-26,2010-02-26,2020-05-22
HPE,Hewlett Packard Enterprise,Information Technology,"Technology Hardware, Storage & Peripherals",True,2015-11-02,2015-11-02,
HPH,Harnischfeger Industries,,,False,,,1999-06-09
HPQ,HP Inc.,Information Technology,"Technology Hardware, Storage & Peripherals",True,1974-12-31,1974-12-31,
HRB,H&R Block,,,False,,,2020-09-21
HRL,Hormel Foods,Consumer Staples,Packaged Foods & Meats,True,2009-03-03,2009-03-04,
HRS,Harris Corporation,,,False,2008-09-16,2008-09-16,
HSIC,Henry Schein,Health Care,Health Care Distributors,True,2015-03-17,2015-03-18,
HSP,Hospira,,,False,,,2015-09-02
HST,Host Hotels & Resorts,Real Estate,Hotel & Resort REITs,True,2007-03-20,2007-03-20,
HSY,Hershey Company (The),Consumer Staples,Packaged Foods & Meats,True,1957-03-04,1957-03-04,
HUBB,Hubbell Incorporated,Industrials,Industrial Machinery & Supplies & Components,True,2023-10-18,2023-10-18,
HUM,Humana,Health Care,Managed Health Care,True,2012-12-10,2012-12-10,
HWM,Howmet Aerospace,Industrials,Aerospace & Defense,True,2016-10-21,2020-04-01,
IBKR,Interactive Brokers,Financials,Investment Banking & Brokerage,True,2025-08-28,2025-08-28,
IBM,IBM,Information Technology,IT Consulting & Other Services,True,1957-03-04,1957-03-04,
ICE,Intercontinental Exchange,Financials,Financial Exchanges & Data,True,2007-09-26,2007-09-26,
IDXX,Idexx Laboratories,Health Care,Health Care Equipment,True,2017-01-05,2017-01-05,
IEX,IDEX Corporation,Industrials,Industrial Machinery & Supplies & Components,True,2019-08-09,2019-08-09,
IFF,International Flavors & Fragrances,Materials,Specialty Chemicals,True,1976-03-31,1976-03-31,
IGT,International Game Technology,,,False,,,2014-06-20
ILMN,"Illumina, Inc.",Health Care,Life Sciences Tools & Services,True,2015-11-19,2026-09-21,2024-06-24
INCY,Incyte,Health Care,Biotechnology,True,2017-02-28,2017-02-28,
INFO,IHS Markit,,,False,2017-06-02,2017-06-02,2022-03-02
INTC,Intel,Information Technology,Semiconductors,True,1976-12-31,1976-12-31,
INTU,Intuit,Information Technology,Application Software,True,2000-12-05,2000-12-05,
INVH,Invitation Homes,Real Estate,Single-Family Residential REITs,True,2022-09-19,2022-09-19,
IP,International Paper,Materials,Paper & Plastic Packaging Products & Materials,True,1957-03-04,1957-03-04,
IPG,Interpublic Group,,,False,,,2025-11-28
IPGP,IPG Photonics,,,False,2018-03-07,2018-03-07,2022-06-21
IQV,IQVIA,Health Care,Life Sciences Tools & Services,True,2017-08-29,2017-11-15,
IR,Ingersoll Rand,Industrials,Industrial Machinery & Supplies & Components,True,2010-11-17,2020-03-03,
IRM,Iron Mountain,Real Estate,Other Specialized REITs,True,2009-01-06,2009-01-06,
ISRG,Intuitive Surgical,Health Care,Health Care Equipment,True,2008-06-02,2008-06-02,
IT,Gartner,Information Technology,IT Consulting & Other Services,True,2017-04-05,2017-04-05,
ITT |,ITT,,,False,,,2011-10-31
ITW,Illinois Tool Works,Industrials,Industrial Machinery & Supplies & Components,True,1986-02-28,1986-02-28,
IVZ,Invesco,Financials,Asset Management & Custody Banks,True,2008-08-21,2008-08-21,
J,Jacobs Solutions,Industrials,Construction & Engineering,True,2007-10-26,2007-10-26,
JBHT,J.B. Hunt,Industrials,Cargo Ground Transportation,True,2015-07-01,2015-07-01,
JBL,Jabil,Information Technology,Electronic Manufacturing Services,True,2023-12-18,2023-12-18,2014-11-05
JCI,Johnson Controls,Industrials,Building Products,True,2010-08-27,2010-08-27,
JCP |,JCPenney,,,False,,,2013-12-02
JDSU,JDS Uniphase,,,False,2000-07-27,2000-07-27,2013-12-23
JEC,Jacobs Engineering Group,,,False,2007-10-26,2007-10-26,
JEF,Jefferies Financial Group,,,False,,,2019-09-26
JKHY,Jack Henry & Associates,Financials,Transaction & Payment Processing Services,True,2018-11-13,2018-11-13,
JNJ,Johnson & Johnson,Health Care,Pharmaceuticals,True,1973-06-30,1973-06-30,
JNPR,Juniper Networks,,,False,2006-06-02,2006-06-02,2025-07-09
JNS,Janus Capital Group,,,False,,,2011-11-18
JNY,Jones Apparel Group,,,False,,,2009-03-03
JOY,Joy Global,,,False,,,2015-10-07
JOYG,Joy Global,,,False,2011-02-25,2011-02-25,
JPM,JPMorgan Chase,Financials,Diversified Banks,True,1975-06-30,1975-06-30,
JWN,Nordstrom,,,False,,,2020-06-22
K,Kellanova,,,False,,,2025-12-11
KBH,KB Home,,,False,,,2009-12-18
KDP,Keurig Dr Pepper,Consumer Staples,Soft Drinks & Non-alcoholic Beverages,True,2022-06-21,2022-06-21,
KEY,KeyCorp,Financials,Regional Banks,True,1994-03-01,1994-03-01,
KEYS,Keysight Technologies,Information Technology,Electronic Equipment & Instruments,True,2018-11-06,2018-11-06,
KFT,Kraft Foods,,,False,2007-03-30,2007-03-30,2012-10-02
KG,King Pharmaceuticals,,,False,,,2010-12-17
KHC,Kraft Heinz,Consumer Staples,Packaged Foods & Meats,True,2015-07-06,2015-07-06,
KIM,Kimco Realty,Real Estate,Retail REITs,True,2006-04-04,2006-04-04,
KKR,KKR & Co.,Financials,Asset Management & Custody Banks,True,2024-06-24,2024-06-24,
KLAC,KLA Corporation,Information Technology,Semiconductor Materials & Equipment,True,1997-09-30,1997-09-30,
KMB,Kimberly-Clark,Consumer Staples,Household Products,True,1957-03-04,1957-03-04,
KMI,Kinder Morgan,Energy,Oil & Gas Storage & Transportation,True,2012-05-17,2012-05-25,
KMX,CarMax,,,False,2010-06-28,2010-06-28,2025-10-31
KO,Coca-Cola Company (The),Consumer Staples,Soft Drinks & Non-alcoholic Beverages,True,1957-03-04,1957-03-04,
KORS,Michael Kors,,,False,2013-11-13,2013-11-13,
KR,Kroger,Consumer Staples,Food Retail,True,1957-03-04,1957-03-04,
KRFT,Kraft Foods,,,False,2012-10-02,2012-10-02,2015-07-06
KSE,KeySpan,,,False,,,2007-08-24
KSS,Kohl's,,,False,,,2020-09-21
KSU,Kansas City Southern,,,False,2013-05-23,2013-05-23,2021-12-14
KVUE,Kenvue,Consumer Staples,Personal Care Products,True,2023-08-25,2023-08-25,
L,Loews Corporation,Financials,Multi-line Insurance,True,1995-05-31,1995-05-31,
LDOS,Leidos,Industrials,Diversified Support Services,True,2019-08-09,2019-08-09,
LDW,Laidlaw,,,False,,,1999-12-08
LEG,Leggett & Platt,,,False,,,2021-12-20
LEH,Lehman Brothers,,,False,,,2008-09-16
LEN,Lennar,Consumer Discretionary,Homebuilding,True,2005-10-04,2005-10-04,
LH,Labcorp,Health Care,Health Care Services,True,2004-11-01,2004-11-01,
LHX,L3Harris,Industrials,Aerospace & Defense,True,2008-09-22,2008-09-22,
LIFE,Life Technologies,,,False,,,2014-01-24
LII,Lennox International,Industrials,Building Products,True,2024-12-23,2024-12-23,
LIN,Linde plc,Materials,Industrial Gases,True,1992-07-01,1992-07-01,
LITE,Lumentum,Information Technology,Communications Equipment,True,2026-03-23,2026-03-23,
LKQ,LKQ Corporation,,,False,2016-05-23,2016-05-23,2025-12-22
LLL,L3 Technologies,,,False,,,2019-07-01
LLTC,Linear Technology,,,False,,,2017-03-13
LLY,Lilly (Eli),Health Care,Pharmaceuticals,True,1970-12-31,1970-12-31,
LM,Legg Mason,,,False,,,2016-12-02
LMT,Lockheed Martin,Industrials,Aerospace & Defense,True,1957-03-04,1957-03-04,
LNC,Lincoln National Corporation,,,False,,,2023-09-18
LNT,Alliant Energy,Utilities,Electric Utilities,True,2016-07-01,2016-07-01,
LO,Lorillard Tobacco Company,,,False,2008-06-10,2008-06-10,2015-06-11
LOW,Lowe's,Consumer Discretionary,Home Improvement Retail,True,1984-02-29,1984-02-29,
LRCX,Lam Research,Information Technology,Semiconductor Materials & Equipment,True,2012-06-05,2012-06-29,
LSI,LSI Corporation,,,False,,,2014-05-08
LUK,Leucadia National,,,False,2007-08-24,2007-08-24,
LULU,Lululemon Athletica,Consumer Discretionary,"Apparel, Accessories & Luxury Goods",True,2023-10-18,2023-10-18,
LUMN,Lumen Technologies,,,False,,,2023-03-20
LUV,Southwest Airlines,Industrials,Passenger Airlines,True,1994-07-01,1994-07-01,
LVLT,Level 3 Communications,,,False,2014-11-05,2014-11-05,2017-10-13
LVS,Las Vegas Sands,Consumer Discretionary,Casinos & Gaming,True,2019-10-03,2019-10-03,
LW,Lamb Weston,,,False,2018-12-03,2018-12-03,2026-03-23
LXK,Lexmark,,,False,,,2012-10-01
LYB,LyondellBasell,Materials,Specialty Chemicals,True,2012-09-05,2012-09-05,
LYV,Live Nation Entertainment,Communication Services,Movies & Entertainment,True,2019-12-23,2019-12-23,
M,Macy's,,,False,,,2020-04-06
MA,Mastercard,Financials,Transaction & Payment Processing Services,True,2008-07-18,2008-07-18,
MAA,Mid-America Apartment Communities,Real Estate,Multi-Family Residential REITs,True,2016-12-02,2016-12-02,
MAC,Macerich,,,False,2013-05-08,2013-05-08,2019-12-23
MAR,Marriott International,Consumer Discretionary,"Hotels, Resorts & Cruise Lines",True,1998-05-29,1998-05-29,
MAS,Masco,Industrials,Building Products,True,1981-06-30,1981-06-30,
MAT,Mattel,,,False,,,2019-06-07
MBC,MasterBrand,,,False,2022-12-15,2022-12-15,2022-12-19
MBI,MBIA,,,False,,,2009-12-18
MCD,McDonald's,Consumer Discretionary,Restaurants,True,1970-06-30,1970-06-30,
MCHP,Microchip Technology,Information Technology,Semiconductors,True,2007-09-07,2007-09-07,
MCK,McKesson Corporation,Health Care,Health Care Distributors,True,1999-01-13,1999-01-13,1994-09-30
MCO,Moody's Corporation,Financials,Financial Exchanges & Data,True,1998-07-01,1998-07-01,
MDLZ,Mondelez International,Consumer Staples,Packaged Foods & Meats,True,2012-10-02,2012-10-02,
MDP,Meredith Corp,,,False,,,2011-01-03
MDT,Medtronic,Health Care,Health Care Equipment,True,1986-10-31,1986-10-31,
MEE,Massey Energy,,,False,2008-06-23,2008-06-23,2011-06-01
MET,MetLife,Financials,Life & Health Insurance,True,2000-12-11,2000-12-11,
META,Meta Platforms,Communication Services,Interactive Media & Services,True,2013-12-23,2013-12-23,
MFE,McAfee,,,False,,,2011-02-28
MGM,MGM Resorts,Consumer Discretionary,Casinos & Gaming,True,2017-07-26,2017-07-26,
MHK,Mohawk Industries,,,False,2013-12-23,2013-12-23,2025-12-22
MHS,Medco Health Solutions,,,False,,,2012-04-03
MI,Marshall & Ilsley,,,False,,,2011-07-05
MIL,Millipore,,,False,,,2010-07-14
MJN,Mead Johnson,,,False,2009-12-18,2009-12-18,2017-06-19
MKC,McCormick & Company,Consumer Staples,Packaged Foods & Meats,True,2003-03-20,2003-03-20,
MKTX,MarketAxess,,,False,2019-07-01,2019-07-01,2025-09-22
MLM,Martin Marietta Materials,Materials,Construction Materials,True,2014-07-02,2014-07-02,
MMI,Motorola Mobility,,,False,2011-01-03,2011-01-03,2012-05-21
MMM,3M,Industrials,Industrial Conglomerates,True,1957-03-04,1957-03-04,
MNK,Mallinckrodt,,,False,2014-08-18,2014-08-18,2017-07-26
MNST,Monster Beverage,Consumer Staples,Soft Drinks & Non-alcoholic Beverages,True,2012-06-28,2012-06-29,
MO,Altria,Consumer Staples,Tobacco,True,1957-03-04,1957-03-04,
MOH,Molina Healthcare,,,False,2022-03-02,2022-03-02,2026-03-23
MOLX,Molex,,,False,,,2013-12-10
MON,Monsanto,,,False,,,2018-06-07
MOS,Mosaic Company (The),Materials,Fertilizers & Agricultural Chemicals,True,2011-09-23,2011-09-26,
MPC,Marathon Petroleum,Energy,Oil & Gas Refining & Marketing,True,2011-06-30,2011-07-01,
MPWR,Monolithic Power Systems,Information Technology,Semiconductors,True,2021-02-12,2021-02-12,
MRK,Merck & Co.,Health Care,Pharmaceuticals,True,1957-03-04,1957-03-04,
MRNA,Moderna,Health Care,Biotechnology,True,2021-07-21,2021-07-21,
MRO,Marathon Oil,,,False,,,2024-11-26
MRSH,Marsh McLennan,Financials,Insurance Brokers,True,1987-08-31,1987-08-31,
MRVL,Marvell Technology,Information Technology,Semiconductors,True,2026-06-22,2026-06-22,
MS,Morgan Stanley,Financials,Investment Banking & Brokerage,True,1993-07-29,1993-07-29,
MSCI,MSCI,Financials,Financial Exchanges & Data,True,2018-04-04,2018-04-04,
MSFT,Microsoft,Information Technology,Systems Software,True,1994-06-01,1994-06-01,
MSI,Motorola Solutions,Information Technology,Communications Equipment,True,1957-03-04,1957-03-04,
MTB,M&T Bank,Financials,Regional Banks,True,2004-02-23,2004-02-23,
MTCH,Match Group,,,False,2021-09-20,2021-09-20,2026-03-23
MTD,Mettler Toledo,Health Care,Life Sciences Tools & Services,True,2016-09-06,2016-09-06,
MU,Micron Technology,Information Technology,Semiconductors,True,1994-09-27,1994-09-27,
MUR,Murphy Oil,,,False,,,2017-07-26
MWW,Monster Worldwide,,,False,,,2011-12-16
MXIM,Maxim Integrated,,,False,2018-12-03,2018-12-03,2021-08-30
NAVI,Navient,,,False,2014-05-01,2014-05-01,2018-06-05
NBL,Noble Energy,,,False,,,2020-10-12
NBR,Nabors Industries,,,False,,,2015-03-23
NCC,National City,,,False,1994-09-30,1994-09-30,
NCLH,Norwegian Cruise Line Holdings,Consumer Discretionary,"Hotels, Resorts & Cruise Lines",True,2017-10-13,2017-10-13,
NCR,NCR Corporation,,,False,,,2007-10-01
NDAQ,"Nasdaq, Inc.",Financials,Financial Exchanges & Data,True,2008-10-22,2008-10-22,
NDSN,Nordson Corporation,Industrials,Industrial Machinery & Supplies & Components,True,2022-02-15,2022-02-15,
NE,Noble Corporation,,,False,,,2015-07-20
NEE,NextEra Energy,Utilities,Multi-Utilities,True,1976-06-30,1976-06-30,
NEM,Newmont,Materials,Gold,True,1969-06-30,1969-06-30,
NFLX,Netflix,Communication Services,Movies & Entertainment,True,2010-12-17,2010-12-20,
NFX,Newfield Exploration,,,False,2010-12-17,2010-12-17,2019-02-15
NI,NiSource,Utilities,Multi-Utilities,True,2000-11-02,2000-11-02,
NKE,"Nike, Inc.",Consumer Discretionary,"Apparel, Accessories & Luxury Goods",True,1988-11-30,1988-11-30,
NKTR,Nektar Therapeutics,,,False,2018-03-19,2018-03-19,2019-10-03
NLSN,Nielsen Holdings,,,False,2013-07-08,2013-07-08,2022-10-12
NOC,Northrop Grumman,Industrials,Aerospace & Defense,True,1957-03-04,1957-03-04,
NOV,Nov,,,False,,,2021-09-20
NOVL,Novell,,,False,,,2011-04-27
NOW,ServiceNow,Information Technology,Systems Software,True,2019-11-21,2019-11-21,
NRG,NRG Energy,Utilities,Independent Power Producers & Energy Traders,True,2010-01-29,2010-01-29,
NSC,Norfolk Southern,Industrials,Rail Transportation,True,1957-03-04,1957-03-04,
NSM,National Semiconductor,,,False,,,2011-09-23
NTAP,NetApp,Information Technology,"Technology Hardware, Storage & Peripherals",True,1999-06-25,1999-06-25,
NTRS,Northern Trust,Financials,Asset Management & Custody Banks,True,1998-01-30,1998-01-30,
NUE,Nucor,Materials,Steel,True,1985-04-30,1985-04-30,
NVDA,Nvidia,Information Technology,Semiconductors,True,2001-11-30,2001-11-30,
NVLS,Novellus Systems,,,False,,,2012-06-05
NVR,"NVR, Inc.",Consumer Discretionary,Homebuilding,True,2019-09-26,2019-09-26,
NWL,Newell Brands,,,False,,,2023-09-18
NWS,News Corp (Class B),Communication Services,Publishing,True,2015-09-18,2015-09-18,
NWSA,News Corp (Class A),Communication Services,Publishing,True,2013-07-01,2013-08-01,
NXPI,NXP Semiconductors,Information Technology,Semiconductors,True,2021-03-22,2021-03-22,
NYT,The New York Times Company,,,False,,,2010-12-17
NYX,NYSE Euronext,,,False,,,2013-11-13
O,Realty Income,Real Estate,Retail REITs,True,2015-04-07,2015-04-07,
ODFL,Old Dominion,Industrials,Cargo Ground Transportation,True,2019-12-09,2019-12-09,
ODP,Office Depot,,,False,,,2010-12-17
OGN,Organon & Co.,,,False,2021-06-03,2021-06-03,2023-10-18
OI,Owens-Illinois,,,False,2008-12-31,2008-12-31,2016-12-02
OKE,Oneok,Energy,Oil & Gas Storage & Transportation,True,2010-03-15,2010-03-15,
OMC,Omnicom Group,Communication Services,Advertising,True,1997-12-31,1997-12-31,
OMX,OfficeMax,,,False,,,2008-06-23
ON,ON Semiconductor,Information Technology,Semiconductors,True,2022-06-21,2022-06-21,
ORCL,Oracle Corporation,Information Technology,Application Software,True,1989-08-31,1989-08-31,
ORLY,O'Reilly Automotive,Consumer Discretionary,Automotive Retail,True,2009-03-27,2009-03-27,
OTIS,Otis Worldwide,Industrials,Industrial Machinery & Supplies & Components,True,2020-04-03,2020-04-03,
OXY,Occidental Petroleum,Energy,Oil & Gas Exploration & Production,True,1957-03-04,1957-03-04,
P,Everpure,Information Technology,"Technology Hardware, Storage & Peripherals",True,2026-09-21,2026-09-21,
PANW,Palo Alto Networks,Information Technology,Systems Software,True,2023-06-20,2023-06-20,
PAYC,Paycom,,,False,2020-01-28,2020-01-28,2026-03-23
PAYX,Paychex,Industrials,Human Resource & Employment Services,True,1998-10-01,1998-10-01,
PBCT,People's United Financial,,,False,,,2022-04-04
PBI,Pitney Bowes,,,False,,,2017-03-01
PCAR,Paccar,Industrials,Construction Machinery & Heavy Transportation Equipment,True,1980-12-31,1980-12-31,
PCG,PG&E Corporation,Utilities,Multi-Utilities,True,2022-10-03,2022-10-03,2019-01-18
PCL,Plum Creek Timber,,,False,,,2016-02-22
PCLN,Priceline.com,,,False,2009-11-03,2009-11-03,
PCP,Precision Castparts Corporation,,,False,,,2016-02-01
PCS,MetroPCS,,,False,2009-06-29,2009-06-29,2013-04-30
PDCO,Patterson Companies,,,False,,,2018-03-19
PEG,Public Service Enterprise Group,Utilities,Electric Utilities,True,1957-03-04,1957-03-04,
PENN,Penn Entertainment,,,False,2021-03-22,2021-03-22,2022-09-19
PEP,PepsiCo,Consumer Staples,Soft Drinks & Non-alcoholic Beverages,True,1957-03-04,1957-03-04,
PETM,PetSmart,,,False,2012-10-10,2012-10-10,2015-03-12
PFE,Pfizer,Health Care,Pharmaceuticals,True,1957-03-04,1957-03-04,
PFG,Principal Financial Group,Financials,Life & Health Insurance,True,2002-07-22,2002-07-22,
PG,Procter & Gamble,Consumer Staples,Personal Care Products,True,1957-03-04,1957-03-04,
PGN,Progress Energy,,,False,,,2012-07-02
PGR,Progressive Corporation,Financials,Property & Casualty Insurance,True,1997-08-04,1997-08-04,
PH,Parker Hannifin,Industrials,Industrial Machinery & Supplies & Components,True,1985-11-30,1985-11-30,
PHM,PulteGroup,Consumer Discretionary,Homebuilding,True,1984-04-30,1984-04-30,
PKG,Packaging Corporation of America,Materials,Paper & Plastic Packaging Products & Materials,True,2017-07-26,2017-07-26,
PLD,Prologis,Real Estate,Industrial REITs,True,2003-07-17,2003-07-17,
PLL,Pall Corporation,,,False,,,2015-08-28
PLTR,Palantir Technologies,Information Technology,Application Software,True,2024-09-23,2024-09-23,
PM,Philip Morris International,Consumer Staples,Tobacco,True,2008-03-31,2008-03-31,
PNC,PNC Financial Services,Financials,Diversified Banks,True,1988-04-30,1988-04-30,
PNR,Pentair,Industrials,Industrial Machinery & Supplies & Components,True,2012-10-01,2012-10-01,
PNW,Pinnacle West Capital,Utilities,Multi-Utilities,True,1999-10-04,1999-10-04,
PODD,Insulet Corporation,Health Care,Health Care Equipment,True,2023-03-15,2023-03-15,
POM,Pepco Holdings,,,False,,,2016-03-30
POOL,Pool Corporation,,,False,2020-10-07,2020-10-07,2026-06-22
PPG,PPG Industries,Materials,Specialty Chemicals,True,1957-03-04,1957-03-04,
PPL,PPL Corporation,Utilities,Electric Utilities,True,2001-10-01,2001-10-01,
PRGO,Perrigo,,,False,2011-12-16,2011-12-16,2021-09-20
PRU,Prudential Financial,Financials,Life & Health Insurance,True,2002-07-22,2002-07-22,
PSA,Public Storage,Real Estate,Self-Storage REITs,True,2005-08-19,2005-08-19,
PSKY,Paramount Skydance Corporation,Communication Services,Movies & Entertainment,True,1994-09-30,1994-09-30,
PSX,Phillips 66,Energy,Oil & Gas Refining & Marketing,True,2012-04-23,2012-05-01,
PTC,PTC Inc.,Information Technology,Application Software,True,2021-04-20,2021-04-20,
PTV,Pactiv,,,False,,,2010-11-17
PVH,PVH,,,False,2013-02-15,2013-02-15,2022-09-19
PWR,Quanta Services,Industrials,Construction & Engineering,True,2009-07-01,2009-07-01,
PXD,Pioneer Natural Resources,,,False,,,2024-05-08
PYPL,PayPal,Financials,Transaction & Payment Processing Services,True,2015-07-20,2015-07-20,
Q,Qnity Electronics,Information Technology,Semiconductor Materials & Equipment,True,2017-08-29,2025-11-03,2017-11-15
QCOM,Qualcomm,Information Technology,Semiconductors,True,1999-07-22,1999-07-22,
QEP,QEP Resources,,,False,2010-06-30,2010-06-30,2015-07-01
QRVO,Qorvo,,,False,2015-06-11,2015-06-11,2024-12-23
QTRN,Quintiles Transnational,,,False,,,2003-09-25
R,Ryder System,,,False,,,2017-06-19
RAD,Rite Aid,,,False,,,2000-07-27
RAI,Reynolds American,,,False,,,2017-07-26
RCL,Royal Caribbean Group,Consumer Discretionary,"Hotels, Resorts & Cruise Lines",True,2014-12-05,2014-12-05,
RDC,Rowan Companies,,,False,,,2014-08-18
RDDT,Reddit,Communication Services,Interactive Media & Services,True,2026-08-18,2026-08-18,
RE,Everest Re,,,False,2017-06-19,2017-06-19,
REG,Regency Centers,Real Estate,Retail REITs,True,2017-03-02,2017-03-02,
REGN,Regeneron Pharmaceuticals,Health Care,Biotechnology,True,2013-04-30,2013-05-01,
RF,Regions Financial Corporation,Financials,Regional Banks,True,1998-08-28,1998-08-28,
RHI,Robert Half,,,False,,,2024-06-24
RHT,Red Hat,,,False,,,2019-07-15
RIG,Transocean,,,False,2013-10-29,2013-10-29,2017-07-26
RJF,Raymond James Financial,Financials,Investment Banking & Brokerage,True,2017-03-20,2017-03-20,
RL,Ralph Lauren Corporation,Consumer Discretionary,"Apparel, Accessories & Luxury Goods",True,2007-02-02,2007-02-02,
RMD,ResMed|,Health Care,Health Care Equipment,True,2017-07-26,2017-07-26,
ROK,Rockwell Automation,Industrials,Electrical Components & Equipment,True,2000-03-12,2000-03-12,
ROL,"Rollins, Inc.",Industrials,Environmental & Facilities Services,True,2018-10-01,2018-10-01,
ROP,Roper Technologies,Information Technology,Electronic Equipment & Instruments,True,2009-12-23,2009-12-23,
ROST,Ross Stores,Consumer Discretionary,Apparel Retail,True,2009-12-18,2009-12-21,
RRC,Range Resources,,,False,2007-12-20,2007-12-20,2018-06-18
RRD,RR Donnelley,,,False,,,2012-12-11
RSG,Republic Services,Industrials,Environmental & Facilities Services,True,2008-12-05,2008-12-05,
RSH,RadioShack,,,False,,,2011-06-30
RTN,Raytheon Company,,,False,,,2020-04-06
RTX,RTX Corporation,Industrials,Aerospace & Defense,True,1957-03-04,1957-03-04,
RVTY,Revvity,Health Care,Health Care Equipment,True,1985-05-31,1985-05-31,
RX,IMS Health,,,False,,,2010-02-26
S,Sprint Nextel,,,False,,,2013-07-08
SAI,SAIC,,,False,2009-12-18,2009-12-18,2013-09-20
SATS,EchoStar,,,False,2026-03-23,2026-03-23,
SBAC,SBA Communications,Real Estate,Telecom Tower REITs,True,2017-09-01,2017-09-01,
SBL,Symbol Technologies,,,False,2000-12-05,2000-12-05,2007-01-10
SBNY,Signature Bank,,,False,2021-12-20,2021-12-20,2023-03-15
SBUX,Starbucks,Consumer Discretionary,Restaurants,True,2000-06-07,2000-06-07,
SCG,SCANA,,,False,,,2019-01-02
SCHW,Charles Schwab Corporation,Financials,Investment Banking & Brokerage,True,1997-06-02,1997-06-02,
SE,Spectra Energy,,,False,,,2017-02-28
SEDG,SolarEdge,,,False,2021-12-20,2021-12-20,2023-12-18
SEE,Sealed Air,,,False,,,2023-12-18
SGP,Schering-Plough,,,False,,,2009-11-03
SHLD,Sears Holdings,,,False,,,2012-09-05
SHW,Sherwin-Williams,Materials,Specialty Chemicals,True,1964-06-30,1964-06-30,
SIAL,Sigma-Aldrich,,,False,,,2015-11-19
SIG,Signet Jewelers,,,False,2015-07-29,2015-07-29,2018-03-19
SII,Smith International,,,False,,,2010-08-26
SIVB,SVB Financial Group,,,False,2018-03-19,2018-03-19,2023-03-15
SJM,J.M. Smucker Company (The),Consumer Staples,Packaged Foods & Meats,True,2008-11-06,2008-11-06,
SLB,Schlumberger,Energy,Oil & Gas Equipment & Services,True,1957-03-04,1957-03-04,
SLE,Sara Lee Corporation,,,False,,,2012-06-29
SLG,SL Green Realty,,,False,2015-03-23,2015-03-23,2021-03-22
SLM,SLM Corporation,,,False,,,2014-05-01
SLR,Solectron,,,False,,,2007-10-02
SMCI,Supermicro,Information Technology,"Technology Hardware, Storage & Peripherals",True,2024-03-18,2024-03-18,
SMS,Shared Medical Systems,,,False,,,2000-06-07
SNA,Snap-on,Industrials,Industrial Machinery & Supplies & Components,True,1982-09-30,1982-09-30,
SNDK,Sandisk,Information Technology,"Technology Hardware, Storage & Peripherals",True,2025-11-28,2025-11-28,2016-05-13
SNI,Scripps Networks Interactive,,,False,,,2018-03-07
SNPS,Synopsys,Information Technology,Application Software,True,2017-03-16,2017-03-16,
SO,Southern Company,Utilities,Electric Utilities,True,1957-03-04,1957-03-04,
SOLS,Solstice Advanced Materials,,,False,2025-10-30,2025-10-30,2025-12-22
SOLV,Solventum,Health Care,Health Care Technology,True,2024-04-01,2024-04-01,
SPG,Simon Property Group,Real Estate,Retail REITs,True,2002-06-26,2002-06-26,
SPGI,S&P Global,Financials,Financial Exchanges & Data,True,1957-03-04,1957-03-04,
SPLS,Staples,,,False,,,2017-09-18
SRCL,Stericycle,,,False,,,2018-12-03
SRE,Sempra,Utilities,Multi-Utilities,True,2017-03-17,2017-03-17,
STE,Steris,Health Care,Health Care Equipment,True,2019-12-23,2019-12-23,
STI,SunTrust Banks,,,False,,,2019-12-09
STJ,St Jude Medical,,,False,,,2017-01-05
STLD,Steel Dynamics,Materials,Steel,True,2022-12-22,2022-12-22,
STR,Questar,,,False,,,2010-06-30
STT,State Street Corporation,Financials,Asset Management & Custody Banks,True,2003-03-14,2003-03-14,
STX,Seagate Technology,Information Technology,"Technology Hardware, Storage & Peripherals",True,2012-07-02,2012-07-02,
STZ,Constellation Brands,Consumer Staples,Distillers & Vintners,True,2005-07-01,2005-07-01,
SUN,Sunoco,,,False,,,2012-10-10
SVU,Supervalu,,,False,,,2012-04-23
SW,Smurfit Westrock,Materials,Paper & Plastic Packaging Products & Materials,True,2024-07-08,2024-07-08,
SWK,Stanley Black & Decker,Industrials,Industrial Machinery & Supplies & Components,True,1982-09-30,1982-09-30,
SWKS,Skyworks Solutions,Information Technology,Semiconductors,True,2015-03-12,2015-03-12,
SWN,Southwestern Energy,,,False,,,2017-04-04
SWY,Safeway,,,False,,,2015-01-27
SYF,Synchrony Financial,Financials,Consumer Finance,True,2015-11-18,2015-11-18,
SYK,Stryker Corporation,Health Care,Health Care Equipment,True,2000-12-12,2000-12-12,
SYY,Sysco,Consumer Staples,Food Distributors,True,1986-12-31,1986-12-31,
T,AT&T,Communication Services,Integrated Telecommunication Services,True,1983-11-30,1983-11-30,2005-11-18
TAP,Molson Coors,,,False,,,2026-09-21
TDC,Teradata,,,False,2007-10-01,2007-10-01,2017-06-19
TDG,TransDigm Group,Industrials,Aerospace & Defense,True,2016-06-03,2016-06-03,
TDY,Teledyne Technologies,Information Technology,Electronic Equipment & Instruments,True,2020-06-22,2020-06-22,
TE,TECO Energy,,,False,,,2016-07-01
TECH,Bio-Techne,Health Care,Life Sciences Tools & Services,True,2021-08-30,2021-08-30,
TEG,Integrys Energy Group,,,False,,,2015-07-01
TEL,TE Connectivity,Information Technology,Electronic Manufacturing Services,True,2011-10-14,2011-10-17,2009-06-25
TER,Teradyne,Information Technology,Semiconductor Materials & Equipment,True,2020-09-21,2020-09-21,2013-12-23
TFC,Truist Financial,Financials,Diversified Banks,True,1997-12-04,1997-12-04,
TFX,Teleflex,,,False,2019-01-18,2019-01-18,2025-03-24
TGNA,Tegna,,,False,,,2017-06-02
TGT,Target Corporation,Consumer Staples,Consumer Staples Merchandise Retail,True,1976-12-31,1976-12-31,
THC,Tenet Healthcare,,,False,,,2016-04-18
TIE,Titanium Metals,,,False,,,2012-12-21
TIF,Tiffany & Co,,,False,,,2021-01-07
TJX,TJX Companies,Consumer Discretionary,Apparel Retail,True,1985-09-30,1985-09-30,
TKO,TKO Group Holdings,Communication Services,Movies & Entertainment,True,2025-03-24,2025-03-24,
TLAB,Tellabs,,,False,,,2011-12-20
TMC,Times Mirror,,,False,,,2000-06-12
TMO,Thermo Fisher Scientific,Health Care,Life Sciences Tools & Services,True,2004-08-03,2004-08-03,
TMUS,T-Mobile US,Communication Services,Wireless Telecommunication Services,True,2019-07-15,2019-07-15,
TPL,Texas Pacific Land Corporation,Energy,Oil & Gas Exploration & Production,True,2024-11-26,2024-11-26,
TPR,"Tapestry, Inc.",Consumer Discretionary,"Apparel, Accessories & Luxury Goods",True,2004-09-01,2004-09-01,
TRB,Tribune Media,,,False,,,2007-12-20
TRGP,Targa Resources,Energy,Oil & Gas Storage & Transportation,True,2022-10-12,2022-10-12,
TRIP,TripAdvisor,,,False,2011-12-20,2011-12-20,2019-12-23
TRMB,Trimble Inc.,Information Technology,Application Software,True,2021-01-21,2021-01-21,
TROW,T. Rowe Price,Financials,Asset Management & Custody Banks,True,2019-07-29,2019-07-29,
TRV,Travelers Companies (The),Financials,Property & Casualty Insurance,True,2002-08-21,2002-08-21,
TSCO,Tractor Supply,Consumer Discretionary,Other Specialty Retail,True,2014-01-24,2014-01-24,
TSG,Sabre Corporation,,,False,,,2007-03-30
TSLA,"Tesla, Inc.",Consumer Discretionary,Automobile Manufacturers,True,2020-12-21,2020-12-21,
TSN,Tyson Foods,Consumer Staples,Packaged Foods & Meats,True,2005-08-10,2005-08-10,
TSO,Tesoro Corporation,,,False,2007-09-27,2007-09-27,
TSS,TSYS,,,False,,,2019-09-23
TT,Trane Technologies,Industrials,Building Products,True,2010-11-17,2010-11-17,
TTD,The Trade Desk,,,False,2025-07-18,2025-07-18,2026-09-21
TTWO,Take-Two Interactive,Communication Services,Interactive Home Entertainment,True,2018-03-19,2018-03-19,
TWC,Time Warner Cable,,,False,,,2016-05-18
TWTR,Twitter,,,False,2018-06-07,2018-06-07,2022-11-01
TWX,Time Warner,,,False,,,2018-06-20
TXN,Texas Instruments,Information Technology,Semiconductors,True,2001-03-12,2001-03-12,
TXT,Textron,Industrials,Aerospace & Defense,True,1978-12-31,1978-12-31,
TYC,Tyco International,,,False,2010-08-26,2010-08-26,2016-09-06
TYL,Tyler Technologies,Information Technology,Application Software,True,2020-06-22,2020-06-22,
UA,Under Armour (Class C),,,False,2014-05-01,2016-04-08,2022-06-21
UAA,Under Armour (Class A),,,False,,,2022-06-21
UAL,United Airlines Holdings,Industrials,Passenger Airlines,True,2015-09-02,2015-09-03,
UBER,Uber,Industrials,Passenger Ground Transportation,True,2023-12-18,2023-12-18,
UDR,"UDR, Inc.",Real Estate,Multi-Family Residential REITs,True,2016-03-07,2016-03-07,
UHS,Universal Health Services,Health Care,Health Care Facilities,True,2014-09-20,2014-09-20,
ULTA,Ulta Beauty,Consumer Discretionary,Other Specialty Retail,True,2016-04-18,2016-04-18,
UNH,UnitedHealth Group,Health Care,Managed Health Care,True,1994-07-01,1994-07-01,
UNM,Unum,,,False,,,2021-09-20
UNP,Union Pacific Corporation,Industrials,Rail Transportation,True,1957-03-04,1957-03-04,
UPS,United Parcel Service,Industrials,Air Freight & Logistics,True,2002-07-22,2002-07-22,
URBN,Urban Outfitters,,,False,,,2017-03-20
URI,United Rentals,Industrials,Trading Companies & Distributors,True,2014-09-20,2014-09-20,
USB,U.S. Bancorp,Financials,Diversified Banks,True,1999-11-01,1999-11-01,
USL,USLife,,,False,,,1997-06-17
V,Visa Inc.,Financials,Transaction & Payment Processing Services,True,2009-12-18,2009-12-21,
VAR,Varian Medical Systems,,,False,,,2021-04-20
VEEV,Veeva Systems,Health Care,Health Care Technology,True,2026-05-07,2026-05-07,
VFC,VF Corporation,,,False,,,2024-04-03
VIAB,Viacom,,,False,,,2019-12-05
VICI,Vici Properties,Real Estate,Hotel & Resort REITs,True,2022-06-08,2022-06-08,
VLO,Valero Energy,Energy,Oil & Gas Refining & Marketing,True,2002-12-20,2002-12-20,
VLTO,Veralto,Industrials,Environmental & Facilities Services,True,2023-10-02,2023-10-02,
VMC,Vulcan Materials Company,Materials,Construction Materials,True,1999-06-30,1999-06-30,
VMRK,Vivmark Residential,Real Estate,Multi-Family Residential REITs,True,2001-12-03,2001-12-03,
VNO,Vornado Realty Trust,,,False,,,2023-01-05
VNT,Vontier,,,False,2020-10-09,2020-10-09,2021-03-22
VRSK,Verisk Analytics,Industrials,Research & Consulting Services,True,2015-10-07,2015-10-08,
VRSN,Verisign,Information Technology,Internet Services & Infrastructure,True,2006-02-01,2006-02-01,
VRT,Vertiv,Industrials,Electrical Components & Equipment,True,2026-03-23,2026-03-23,
VRTX,Vertex Pharmaceuticals,Health Care,Biotechnology,True,2013-09-20,2013-09-23,
VST,Vistra Corp.,Utilities,Electric Utilities,True,2024-05-08,2024-05-08,
VTR,Ventas,Real Estate,Health Care REITs,True,2009-03-03,2009-03-04,
VTRS,Viatris,Health Care,Pharmaceuticals,True,2004-04-23,2004-04-23,
VZ,Verizon,Communication Services,Integrated Telecommunication Services,True,1983-11-30,1983-11-30,
WAB,Wabtec,Industrials,Construction Machinery & Heavy Transportation Equipment,True,2019-02-27,2019-02-27,
WAT,Waters Corporation,Health Care,Life Sciences Tools & Services,True,2002-01-02,2002-01-02,
WB,Wachovia Bank,,,False,,,2008-12-31
WBA,Walgreens Boots Alliance,,,False,,,2025-08-28
WBD,Warner Bros. Discovery,Communication Services,Broadcasting,True,2022-04-11,2022-04-11,
WCG,WellCare,,,False,2018-09-14,2018-09-14,2020-01-28
WDAY,"Workday, Inc.",Information Technology,Application Software,True,2024-12-23,2024-12-23,
WDC,Western Digital,Information Technology,"Technology Hardware, Storage & Peripherals",True,2009-07-01,2009-07-01,
WEC,WEC Energy Group,Utilities,Electric Utilities,True,2008-10-31,2008-10-31,
WELL,Welltower,Real Estate,Health Care REITs,True,2009-01-30,2009-01-30,
WFC,Wells Fargo,Financials,Diversified Banks,True,1976-06-30,1976-06-30,
WFM,Whole Foods Market,,,False,,,2017-08-29
WFR,MEMC Electronic Materials,,,False,,,2011-12-16
WHR,Whirlpool Corporation,,,False,,,2024-03-18
WIN,Windstream Communications,,,False,,,2015-04-07
WLP,Wellpoint,,,False,1999-06-09,1999-06-09,
WLTW,Willis Towers Watson,,,False,2016-01-05,2016-01-05,2022-01-10
WM,Waste Management,Industrials,Environmental & Facilities Services,True,1998-08-31,1998-08-31,
WMB,Williams Companies,Energy,Oil & Gas Storage & Transportation,True,1975-03-31,1975-03-31,
WMT,Walmart,Consumer Staples,Consumer Staples Merchandise Retail,True,1982-08-31,1982-08-31,
WPX,WPX Energy,,,False,2011-12-31,2011-12-31,2014-03-21
WRB,W. R. Berkley Corporation,Financials,Property & Casualty Insurance,True,2019-12-05,2019-12-05,
WSM,"Williams-Sonoma, Inc.",Consumer Discretionary,Homefurnishing Retail,True,2025-03-24,2025-03-24,
WST,West Pharmaceutical Services,Health Care,Health Care Supplies,True,2020-05-22,2020-05-22,
WTW,Willis Towers Watson,Financials,Insurance Brokers,True,2016-01-05,2022-01-10,
WU,Western Union,,,False,,,2021-12-20
WY,Weyerhaeuser,Real Estate,Timber REITs,True,1979-10-01,1979-10-01,
WYN,Wyndham Worldwide,,,False,,,2018-05-31
WYNN,Wynn Resorts,Consumer Discretionary,Casinos & Gaming,True,2008-11-14,2008-11-14,
X,United States Steel,,,False,,,2014-07-02
XEC,Cimarex Energy,,,False,2014-06-20,2014-06-20,2020-03-02
XEL,Xcel Energy,Utilities,Multi-Utilities,True,1957-03-04,1957-03-04,
XL,XL Group,,,False,,,2018-09-14
XLNX,Xilinx,,,False,,,2022-02-15
XOM,ExxonMobil,Energy,Integrated Oil & Gas,True,1957-03-04,1957-03-04,
XRAY,Dentsply Sirona,,,False,,,2024-04-03
XRX,Xerox,,,False,,,2021-03-22
XTO,XTO Energy,,,False,,,2010-06-28
XYL,Xylem Inc.,Industrials,Industrial Machinery & Supplies & Components,True,2011-10-31,2011-11-01,
XYZ,"Block, Inc.",Financials,Transaction & Payment Processing Services,True,2025-07-23,2025-07-23,
YHOO,Yahoo!,,,False,1999-12-08,1999-12-08,2017-06-19
YUM,Yum! Brands,Consumer Discretionary,Restaurants,True,1997-10-06,1997-10-06,
ZBH,Zimmer Biomet,Health Care,Health Care Equipment,True,2001-08-07,2001-08-07,
ZBRA,Zebra Technologies,Information Technology,Electronic Equipment & Instruments,True,2019-12-23,2019-12-23,
ZION,Zions Bancorporation,,,False,,,2024-03-18
ZTS,Zoetis,Health Care,Pharmaceuticals,True,2013-06-21,2013-06-21,
